<?xml version="1.0" encoding="UTF-8"?>
<beans xmlns="http://www.springframework.org/schema/beans"
	xmlns:xsi="http://www.w3.org/2001/XMLSchema-instance"
	xmlns:aop="http://www.springframework.org/schema/aop"
	xsi:schemaLocation="http://www.springframework.org/schema/beans http://www.springframework.org/schema/beans/spring-beans-4.0.xsd
		http://www.springframework.org/schema/aop http://www.springframework.org/schema/aop/spring-aop-4.0.xsd">

    <!-- Enable AspectJ style of Spring AOP -->
    <aop:aspectj-autoproxy />

    <!-- Configure Employee Bean and initialize it -->
    <bean name="employee" class="com.AtosSyntel.myModel.Employee">
            <property name="name" value="Dummy Name"></property>
    </bean>

    <!-- Configure EmployeeService bean -->
    <bean name="employeeService" class="com.AtosSyntel.myService.EmployeeService">
            <property name="employee" ref="employee"></property>
    </bean>

    <!-- Configure Aspect Beans, without this Aspects advices wont execute -->
    <bean name="employeeAspect" class="com.AtosSyntel.myAspect.EmployeeAspect" />
    <bean name="employeeAspectPointcut" class="com.AtosSyntel.myAspect.EmployeeAspectPointcut" />
    <bean name="employeeAspectJoinPoint" class="com.AtosSyntel.myAspect.EmployeeAspectJoinPoint" />
    <bean name="employeeAfterAspect" class="com.AtosSyntel.myAspect.EmployeeAfterAspect" />
    <bean name="employeeAroundAspect" class="com.AtosSyntel.myAspect.EmployeeAroundAspect" />
    <bean name="employeeAnnotationAspect" class="com.AtosSyntel.myAspect.EmployeeAnnotationAspect" />
    <bean name="employeeXMLConfigAspect" class="com.AtosSyntel.myAspect.EmployeeXMLConfigAspect" />

    <!-- Spring AOP XML Configuration -->
    <aop:config>
            <aop:aspect ref="employeeXMLConfigAspect" id="employeeXMLConfigAspectID" order="1">
                    <aop:pointcut expression="execution(* com.AtosSyntel.myModel.Employee.getName())" id="getNamePointcut"/>
                    <aop:around method="employeeAroundAdvice" pointcut-ref="getNamePointcut" arg-names="proceedingJoinPoint"/>                   
            </aop:aspect>
    </aop:config>
</beans>
